{
  "colors": {
    "primary": "#1E4DB7",
    "accent": "#0092D1",
    "bgGradientStart": "#F6F9FF",
    "bgGradientEnd": "#FFFFFF",
    "glass": "rgba(255,255,255,0.6)",
    "muted": "#6B7280",
    "danger": "#E11D48",
    "cardBg": "rgba(255,255,255,0.7)",
    "heroDark": "#0B1220",
    "textDark": "#0F172A",
    "textLight": "#FFFFFF",
    "borderLight": "rgba(255,255,255,0.08)",
    "borderGray": "#E5E7EB",
    "success": "#10B981",
    "warning": "#F59E0B",
    "error": "#EF4444",
    "info": "#3B82F6"
  },
  "radii": {
    "sm": 6,
    "md": 12,
    "lg": 20,
    "xl": 24
  },
  "shadows": {
    "soft": "0 6px 18px rgba(16,24,40,0.06)",
    "elevated": "0 18px 40px rgba(16,24,40,0.12)",
    "strong": "0 25px 50px rgba(16,24,40,0.15)"
  },
  "font": {
    "family": "Inter,ui-sans-serif,system-ui,-apple-system,BlinkMacSystemFont,\"Segoe UI\",Roboto,\"Helvetica Neue\",Arial",
    "weights": {
      "regular": 400,
      "medium": 500,
      "bold": 700,
      "extrabold": 800
    },
    "sizes": {
      "xs": "12px",
      "sm": "14px",
      "md": "16px",
      "lg": "18px",
      "xl": "20px",
      "2xl": "24px",
      "3xl": "30px",
      "4xl": "36px",
      "5xl": "48px"
    }
  },
  "spacing": {
    "xs": "4px",
    "sm": "8px",
    "md": "16px",
    "lg": "24px",
    "xl": "32px",
    "2xl": "48px",
    "3xl": "64px",
    "4xl": "96px"
  },
  "lineHeight": {
    "tight": "1.25",
    "normal": "1.5",
    "relaxed": "1.75"
  },
  "variants": {
    "glass": {
      "bg": "rgba(255,255,255,0.72)",
      "border": "rgba(255,255,255,0.08)",
      "backdrop": "backdrop-blur-md"
    },
    "minimal": {
      "bg": "#FFFFFF",
      "border": "#E5E7EB",
      "shadow": "0 18px 40px rgba(16,24,40,0.12)"
    },
    "bold": {
      "heroBg": "#0B1220",
      "cardBg": "#FFFFFF",
      "accentBorder": "#0092D1",
      "cardShadow": "0 25px 50px rgba(16,24,40,0.15)"
    }
  }
}
